MEDIA ID,FORM NUMBER,TITLE,FORM URL,MEDIA URL,FILE TYPE,FILE NAME,FILE SIZE,PREFIX/ FORM TYPE,AGENCY,ISSUE DATE,REVISION DATE
31529,GSA1241,Contract for Appraisal Report,http://www.gsa.gov/portal/forms/download/113958,http://www.gsa.gov/portal/getFormFormatPortalData?mediaId=31529,pdf,GSA 1241.pdf,574.3,GSA,Office of Administrative Service,,09/1973
28729,GSA1241,Contract for Appraisal Report,http://www.gsa.gov/portal/forms/download/113958,http://www.gsa.gov/portal/getFormFormatPortalData?mediaId=28729,pdf,GSA 1241.pdf,574.3,GSA,Office of Administrative Service,,09/1973
32277,GSA1241,Contract for Appraisal Report,http://www.gsa.gov/portal/forms/download/113958,http://www.gsa.gov/portal/getFormFormatPortalData?mediaId=32277,doc,GSA 1241.pdf,574.3,GSA,Office of Administrative Service,,09/1973
28733,GSA1241A,Specifications for the GSA Analytical Narrative Appraisal Report,http://www.gsa.gov/portal/forms/download/113962,http://www.gsa.gov/portal/getFormFormatPortalData?mediaId=28733,pdf,gs1241a.pdf,110.5,GSA,Office of Administrative Service,,12/1985
32281,GSA1241A,Specifications for the GSA Analytical Narrative Appraisal Report,http://www.gsa.gov/portal/forms/download/113962,http://www.gsa.gov/portal/getFormFormatPortalData?mediaId=32281,doc,gs1241a.pdf,110.5,GSA,Office of Administrative Service,,12/1985
31541,GSA1364,Proposal to Lease Space,http://www.gsa.gov/portal/forms/download/113998,http://www.gsa.gov/portal/getFormFormatPortalData?mediaId=31541,pdf,GSA 1364.pdf,374.4,GSA,Office of Administrative Service,,08/2008
32289,GSA1364,Proposal to Lease Space,http://www.gsa.gov/portal/forms/download/113998,http://www.gsa.gov/portal/getFormFormatPortalData?mediaId=32289,doc,GSA 1364.pdf,374.4,GSA,Office of Administrative Service,,08/2008
28761,GSA1364,Proposal to Lease Space,http://www.gsa.gov/portal/forms/download/113998,http://www.gsa.gov/portal/getFormFormatPortalData?mediaId=28761,pdf,GSA 1364.pdf,374.4,GSA,Office of Administrative Service,,08/2008
32349,GSA1656B,Identification Label - Prepositioned Records,http://www.gsa.gov/portal/forms/download/114142,http://www.gsa.gov/portal/getFormFormatPortalData?mediaId=32349,doc,gs1656B.PDF,741.8,GSA,Office of Administrative Service,,06/1990
28905,GSA1656B,Identification Label - Prepositioned Records,http://www.gsa.gov/portal/forms/download/114142,http://www.gsa.gov/portal/getFormFormatPortalData?mediaId=28905,pdf,gs1656B.PDF,741.8,GSA,Office of Administrative Service,,06/1990
31601,GSA1656B,Identification Label - Prepositioned Records,http://www.gsa.gov/portal/forms/download/114142,http://www.gsa.gov/portal/getFormFormatPortalData?mediaId=31601,pdf,gs1656B.PDF,741.8,GSA,Office of Administrative Service,,06/1990
31685,GPO2511,Print Order,http://www.gsa.gov/portal/forms/download/114426,http://www.gsa.gov/portal/getFormFormatPortalData?mediaId=31685,pdf,GPO2511.pdf,176.7,OT,Office of Administrative Service,,
32433,GPO2511,Print Order,http://www.gsa.gov/portal/forms/download/114426,http://www.gsa.gov/portal/getFormFormatPortalData?mediaId=32433,doc,GPO2511.pdf,176.7,OT,Office of Administrative Service,,
29185,GPO2511,Print Order,http://www.gsa.gov/portal/forms/download/114426,http://www.gsa.gov/portal/getFormFormatPortalData?mediaId=29185,pdf,GPO2511.pdf,176.7,OT,Office of Administrative Service,,
32509,GSA3076C,Training Course Evaluation,http://www.gsa.gov/portal/forms/download/114718,http://www.gsa.gov/portal/getFormFormatPortalData?mediaId=32509,doc,,,GSA,Office of Administrative Service,,Obsolete
31761,GSA3076C,Training Course Evaluation,http://www.gsa.gov/portal/forms/download/114718,http://www.gsa.gov/portal/getFormFormatPortalData?mediaId=31761,pdf,,,GSA,Office of Administrative Service,,Obsolete
